country,continent,cases,case_rank_in_continent
South Africa,Africa,4076463,1
Morocco,Africa,1278992,2
Tunisia,Africa,1153361,3
Egypt,Africa,516023,4
Libyan Arab Jamahiriya,Africa,507274,5
Ethiopia,Africa,501157,6
Réunion,Africa,494595,7
Zambia,Africa,349304,8
Kenya,Africa,344130,9
Botswana,Africa,330638,10
Algeria,Africa,272010,11
Nigeria,Africa,267188,12
Zimbabwe,Africa,266359,13
Mozambique,Africa,233731,14
Namibia,Africa,172389,15
Uganda,Africa,172149,16
Ghana,Africa,171889,17
Rwanda,Africa,133518,18
Cameroon,Africa,125379,19
Angola,Africa,107327,20
DRC,Africa,99338,21
Malawi,Africa,89535,22
Senegal,Africa,89053,23
Côte d'Ivoire,Africa,88384,24
Swaziland,Africa,75191,25
Madagascar,Africa,68486,26
Cabo Verde,Africa,64477,27
Sudan,Africa,63993,28
Mauritania,Africa,63848,29
Burundi,Africa,54721,30
Seychelles,Africa,51220,31
Gabon,Africa,49051,32
Tanzania,Africa,43223,33
Mauritius,Africa,43025,34
Mayotte,Africa,42027,35
Togo,Africa,39572,36
Guinea,Africa,38572,37
Lesotho,Africa,36138,38
Mali,Africa,33164,39
Benin,Africa,28036,40
Somalia,Africa,27334,41
Congo,Africa,25375,42
Burkina Faso,Africa,22114,43
South Sudan,Africa,18819,44
Equatorial Guinea,Africa,17229,45
Djibouti,Africa,15690,46
Central African Republic,Africa,15440,47
Gambia,Africa,12626,48
Eritrea,Africa,10189,49
Niger,Africa,9931,50
Guinea-Bissau,Africa,9614,51
Comoros,Africa,9109,52
Liberia,Africa,8090,53
Sierra Leone,Africa,7779,54
Chad,Africa,7701,55
Sao Tome and Principe,Africa,6778,56
Saint Helena,Africa,2166,57
Western Sahara,Africa,10,58
India,Asia,45035393,1
S. Korea,Asia,34571873,2
Japan,Asia,33803572,3
Turkey,Asia,17232066,4
Vietnam,Asia,11625195,5
Taiwan,Asia,10241523,6
Iran,Asia,7627186,7
Indonesia,Asia,6829221,8
Malaysia,Asia,5278406,9
Israel,Asia,4841772,10
N. Korea,Asia,4772813,11
Thailand,Asia,4770149,12
Philippines,Asia,4140383,13
Singapore,Asia,3006155,14
Hong Kong,Asia,2937609,15
Iraq,Asia,2465545,16
Bangladesh,Asia,2049377,17
Georgia,Asia,1861665,18
Jordan,Asia,1746997,19
Pakistan,Asia,1581936,20
Kazakhstan,Asia,1411831,21
Lebanon,Asia,1243838,22
UAE,Asia,1067030,23
Mongolia,Asia,1011496,24
Nepal,Asia,1003450,25
Saudi Arabia,Asia,841469,26
Azerbaijan,Asia,835234,27
Bahrain,Asia,729549,28
Cyprus,Asia,681110,29
Sri Lanka,Asia,672754,30
Kuwait,Asia,667158,31
Myanmar,Asia,641873,32
Palestine,Asia,621008,33
Qatar,Asia,514524,34
China,Asia,503302,35
Armenia,Asia,451831,36
Oman,Asia,399449,37
Brunei,Asia,343719,38
Uzbekistan,Asia,253662,39
Afghanistan,Asia,234174,40
Lao People's Democratic Republic,Asia,218970,41
Kyrgyzstan,Asia,206897,42
Maldives,Asia,186694,43
Cambodia,Asia,139103,44
Bhutan,Asia,62697,45
Syrian Arab Republic,Asia,57743,46
Macao,Asia,27673,47
Timor-Leste,Asia,23460,48
Tajikistan,Asia,17786,49
Yemen,Asia,11945,50
Australia,Australia-Oceania,11853144,1
New Zealand,Australia-Oceania,2621111,2
New Caledonia,Australia-Oceania,80064,3
French Polynesia,Australia-Oceania,79254,4
Fiji,Australia-Oceania,69117,5
Papua New Guinea,Australia-Oceania,46864,6
Micronesia,Australia-Oceania,26547,7
Solomon Islands,Australia-Oceania,25954,8
Samoa,Australia-Oceania,17006,9
Tonga,Australia-Oceania,16950,10
Marshall Islands,Australia-Oceania,16138,11
Vanuatu,Australia-Oceania,12019,12
Cook Islands,Australia-Oceania,7203,13
Palau,Australia-Oceania,6290,14
Nauru,Australia-Oceania,5393,15
Kiribati,Australia-Oceania,5085,16
Wallis and Futuna,Australia-Oceania,3550,17
Tuvalu,Australia-Oceania,2943,18
Niue,Australia-Oceania,1059,19
Tokelau,Australia-Oceania,80,20
France,Europe,40138560,1
Germany,Europe,38828995,2
Italy,Europe,26723249,3
UK,Europe,24910387,4
Russia,Europe,24124215,5
Spain,Europe,13914811,6
Netherlands,Europe,8635786,7
Poland,Europe,6661991,8
Greece,Europe,6101379,9
Austria,Europe,6081287,10
Portugal,Europe,5643062,11
Ukraine,Europe,5557995,12
Belgium,Europe,4861695,13
Czechia,Europe,4759041,14
Switzerland,Europe,4453053,15
Romania,Europe,3529735,16
Denmark,Europe,3183756,17
Sweden,Europe,2754129,18
Serbia,Europe,2615054,19
Hungary,Europe,2230232,20
Slovakia,Europe,1877605,21
Ireland,Europe,1734582,22
Finland,Europe,1516117,23
Norway,Europe,1509732,24
Lithuania,Europe,1397806,25
Slovenia,Europe,1356546,26
Bulgaria,Europe,1339851,27
Croatia,Europe,1309728,28
Belarus,Europe,994037,29
Latvia,Europe,982505,30
Moldova,Europe,635145,31
Estonia,Europe,628070,32
Bosnia,Europe,403615,33
Luxembourg,Europe,391232,34
Macedonia,Europe,350567,35
Albania,Europe,334863,36
Montenegro,Europe,296542,37
Iceland,Europe,209906,38
Malta,Europe,121420,39
Channel Islands,Europe,101717,40
Andorra,Europe,48015,41
Isle of Man,Europe,38008,42
Faroe Islands,Europe,34658,43
San Marino,Europe,26185,44
Liechtenstein,Europe,21574,45
Gibraltar,Europe,20550,46
Monaco,Europe,17181,47
Holy See (Vatican City State),Europe,29,48
USA,North America,111820082,1
Mexico,North America,7702809,2
Canada,North America,4946090,3
Guatemala,North America,1291293,4
Costa Rica,North America,1238883,5
Cuba,North America,1115251,6
Panama,North America,1059893,7
Dominican Republic,North America,675890,8
Honduras,North America,474590,9
Martinique,North America,230354,10
Guadeloupe,North America,203235,11
El Salvador,North America,201855,12
Trinidad and Tobago,North America,191496,13
Jamaica,North America,156869,14
Barbados,North America,110578,15
Belize,North America,71409,16
Curaçao,North America,45986,17
Aruba,North America,44224,18
Bahamas,North America,38084,19
Haiti,North America,34667,20
Cayman Islands,North America,31472,21
Saint Lucia,North America,30215,22
Grenada,North America,19693,23
Bermuda,North America,18860,24
Nicaragua,North America,18491,25
Dominica,North America,16038,26
Saint Martin,North America,12324,27
Greenland,North America,11971,28
Caribbean Netherlands,North America,11682,29
Sint Maarten,North America,11051,30
Saint Vincent and the Grenadines,North America,9674,31
Antigua and Barbuda,North America,9106,32
British Virgin Islands,North America,7392,33
Turks and Caicos Islands,North America,6752,34
Saint Kitts and Nevis,North America,6607,35
St. Barth,North America,5507,36
Anguilla,North America,3904,37
Saint Pierre Miquelon,North America,3452,38
Montserrat,North America,1403,39
Brazil,South America,38743918,1
Argentina,South America,10128845,2
Colombia,South America,6400173,3
Chile,South America,5384853,4
Peru,South America,4572667,5
Bolivia,South America,1212131,6
Ecuador,South America,1070188,7
Uruguay,South America,1041111,8
Paraguay,South America,837602,9
Venezuela,South America,552695,10
French Guiana,South America,98041,11
Suriname,South America,82588,12
Guyana,South America,74137,13
Falkland Islands (Malvinas),South America,1930,14
