country,continent,population,cases,cases_pct_of_population,cases_per_million
Brunei,Asia,445431,343719,77.17,771655
San Marino,Europe,34085,26185,76.82,768226
Faroe Islands,Europe,49233,34658,70.40,703959
S. Korea,Asia,51329899,34571873,67.35,673523
Austria,Europe,9066710,6081287,67.07,670727
Niue,Australia-Oceania,1622,1059,65.29,652898
Slovenia,Europe,2078034,1356546,65.28,652803
Andorra,Europe,77463,48015,61.98,619844
Martinique,North America,374087,230354,61.58,615777
France,Europe,65584518,40138560,61.20,612013
