country,continent,population,cases,deaths,recovered,tests,active,cases_pct_of_population,deaths_pct_of_population,recovered_pct_of_population,tests_pct_of_population,case_fatality_rate,recovery_rate
USA,North America,334805269,111820082,1219487,109814428,1186851502,786167,33.40,0.36,32.80,354.49,1.09,98.21
India,Asia,1406631776,45035393,533570,0,935879495,44501823,3.20,0.04,0.00,66.53,1.18,0.00
France,Europe,65584518,40138560,167642,39970918,271490188,0,61.20,0.26,60.95,413.95,0.42,99.58
Germany,Europe,83883596,38828995,183027,38240600,122332384,405368,46.29,0.22,45.59,145.84,0.47,98.48
Brazil,South America,215353593,38743918,711380,36249161,63776166,1783377,17.99,0.33,16.83,29.61,1.84,93.56
S. Korea,Asia,51329899,34571873,35934,34535939,15804065,0,67.35,0.07,67.28,30.79,0.10,99.90
Japan,Asia,125584838,33803572,74694,0,100414883,33728878,26.92,0.06,0.00,79.96,0.22,0.00
Italy,Europe,60262770,26723249,196487,26361218,281126449,165544,44.34,0.33,43.74,466.50,0.74,98.65
UK,Europe,68497907,24910387,232112,24678275,522526476,0,36.37,0.34,36.03,762.84,0.93,99.07
Russia,Europe,145805947,24124215,402756,23545818,273400000,175641,16.55,0.28,16.15,187.51,1.67,97.60
